str.test, ghcr.io/ocicl/str@sha256:3771c466d33a923d4fd1b1aa71f7a60d0029405e7fb3bafae1a3f19b7ac9b121, cl-str-20240708-1bcf26d/str.test.asd
str, ghcr.io/ocicl/str@sha256:3771c466d33a923d4fd1b1aa71f7a60d0029405e7fb3bafae1a3f19b7ac9b121, cl-str-20240708-1bcf26d/str.asd
cl-ppcre, ghcr.io/ocicl/cl-ppcre@sha256:584907e0683621973579f397115945ef73e9d5b7afa77fae7cacecb3ad272f89, cl-ppcre-20240503-80fb19d/cl-ppcre.asd
cl-ppcre-unicode, ghcr.io/ocicl/cl-ppcre@sha256:584907e0683621973579f397115945ef73e9d5b7afa77fae7cacecb3ad272f89, cl-ppcre-20240503-80fb19d/cl-ppcre-unicode.asd
cl-unicode, ghcr.io/ocicl/cl-unicode@sha256:d98f12c1271fb3c1812a27d64dfbe95b0bc5bcfd545b71b8101874e61270b120, cl-unicode-20240503-07e7ff5/cl-unicode.asd
cl-change-case, ghcr.io/ocicl/cl-change-case@sha256:63b6a033f762d6dc5d365ce49f2a2c691677f2ec1375ebe4226d13b19a29dc7c, cl-change-case-0.2.1/cl-change-case.asd
flexi-streams, ghcr.io/ocicl/flexi-streams@sha256:95005b06a8a95c82780c75ead53810bcb273d07fcf5fe76b527f1856df9923f2, flexi-streams-20240503-4951d57/flexi-streams.asd
flexi-streams-test, ghcr.io/ocicl/flexi-streams@sha256:95005b06a8a95c82780c75ead53810bcb273d07fcf5fe76b527f1856df9923f2, flexi-streams-20240503-4951d57/flexi-streams-test.asd
trivial-gray-streams, ghcr.io/ocicl/trivial-gray-streams@sha256:d0cc9fb73876100ee60647524f98b5b22566fa1c3a985d79548b0d2b228f8b51, trivial-gray-streams-20240503-a7ead68/trivial-gray-streams.asd
trivial-gray-streams-test, ghcr.io/ocicl/trivial-gray-streams@sha256:d0cc9fb73876100ee60647524f98b5b22566fa1c3a985d79548b0d2b228f8b51, trivial-gray-streams-20240503-a7ead68/trivial-gray-streams-test.asd
trivial-backtrace, ghcr.io/ocicl/iterate@sha256:398e3747b164f42e1a19fccf974bdf9c2a7938660f9bead1bb052124d58b5476, iterate-20240503-26cf129/ext/trivial-backtrace/trivial-backtrace.asd
trivial-backtrace-test, ghcr.io/ocicl/iterate@sha256:398e3747b164f42e1a19fccf974bdf9c2a7938660f9bead1bb052124d58b5476, iterate-20240503-26cf129/ext/trivial-backtrace/trivial-backtrace-test.asd
rt, ghcr.io/ocicl/iterate@sha256:398e3747b164f42e1a19fccf974bdf9c2a7938660f9bead1bb052124d58b5476, iterate-20240503-26cf129/ext/rt/rt.asd
fiveam, ghcr.io/ocicl/iterate@sha256:398e3747b164f42e1a19fccf974bdf9c2a7938660f9bead1bb052124d58b5476, iterate-20240503-26cf129/ext/fiveam/fiveam.asd
net.didierverna.asdf-flv, ghcr.io/ocicl/iterate@sha256:398e3747b164f42e1a19fccf974bdf9c2a7938660f9bead1bb052124d58b5476, iterate-20240503-26cf129/ext/asdf-flv/net.didierverna.asdf-flv.asd
alexandria, ghcr.io/ocicl/iterate@sha256:398e3747b164f42e1a19fccf974bdf9c2a7938660f9bead1bb052124d58b5476, iterate-20240503-26cf129/ext/alexandria/alexandria.asd
alexandria-tests, ghcr.io/ocicl/iterate@sha256:398e3747b164f42e1a19fccf974bdf9c2a7938660f9bead1bb052124d58b5476, iterate-20240503-26cf129/ext/alexandria/alexandria-tests.asd
iterate, ghcr.io/ocicl/iterate@sha256:398e3747b164f42e1a19fccf974bdf9c2a7938660f9bead1bb052124d58b5476, iterate-20240503-26cf129/iterate.asd
yason, ghcr.io/ocicl/yason@sha256:4a1ce0b1cab070be2a87569feeb61bfc44f41ae0c804af2c0c71ab594f80db40, yason-20240503-f4ad893/yason.asd
